{
    "barrierSeeds":[
        [
            92.1593143262103,
            -136.16887974087751
        ],
        [
            53.978987269628306,
            87.15470214378811
        ],
        [
            -11.359977414331365,
            -86.28892973083829
        ],
        [
            -92.65592564419393,
            102.04255390085387
        ],
        [
            -98.582582877368,
            -134.55079965860472
        ],
        [
            9.157652733896803,
            -132.6939689539825
        ],
        [
            -155.32797097783373,
            -10.730789115365896
        ],
        [
            -44.35021416490621,
            36.60319533979123
        ],
        [
            -45.283338246409365,
            -35.44227254024833
        ],
        [
            53.25089847820102,
            -21.704313322938653
        ],
        [
            262.3124764151748,
            -10.479154448676397
        ],
        [
            226.1751619046498,
            124.45877326496124
        ],
        [
            127.43659244739035,
            223.2760022142566
        ],
        [
            -7.472515372927166,
            259.5207599429189
        ],
        [
            -142.43917741084258,
            223.49091156651536
        ],
        [
            -241.33500318857884,
            124.83106421500592
        ],
        [
            -277.68718115126086,
            -10.049138161224834
        ],
        [
            -241.76482175681454,
            -145.04444893615414
        ],
        [
            -143.18375907484878,
            -244.01880882889526
        ],
        [
            -8.332547675141223,
            -280.4783839733603
        ],
        [
            126.69132623137088,
            -244.66353634054428
        ],
        [
            225.7441574758794,
            -146.1613208419555
        ]
    ],
    "cityName":"city",
    "externalLines":[
        0,
        1,
        2,
        3,
        4,
        5,
        6,
        7,
        8,
        9,
        10,
        11,
        12,
        13,
        14,
        15,
        0
    ],
    "externalPoints":[
        6,
        18,
        20,
        19,
        9,
        10,
        8,
        0,
        11,
        14,
        13,
        1,
        3,
        17,
        16,
        7
    ],
    "externalVertices":[
        [
            -61.44071964894301,
            190.0760590967899
        ],
        [
            -165.23017754630104,
            147.10545656810407
        ],
        [
            -176.87947933438525,
            74.55248114000183
        ],
        [
            -220.10847250782496,
            46.54419015558704
        ],
        [
            -220.64409501062872,
            -67.29588590640775
        ],
        [
            -177.04843022080377,
            -95.89100749715604
        ],
        [
            -170.76269728176558,
            -172.95353515593993
        ],
        [
            -63.591360961672855,
            -216.92446499643134
        ],
        [
            -44.39001301236381,
            -205.29351578896186
        ],
        [
            47.48393377275946,
            -214.94660701431906
        ],
        [
            159.04706702828562,
            -178.4556642038208
        ],
        [
            166.2067526618482,
            -54.49394039654587
        ],
        [
            159.40540800687768,
            33.49536103488977
        ],
        [
            137.35119479606476,
            134.38463496718828
        ],
        [
            44.590204322028164,
            184.49777712376587
        ],
        [
            -12.957494355356088,
            164.52759178352613
        ]
    ],
    "log":"-s 10 -r 150.000000 --randomSeed 10 2016-06-10 13:25:35.539844",
    "regions":[
        [
            13,
            1,
            12,
            14
        ],
        [
            23,
            3,
            17,
            16,
            7,
            21
        ],
        [
            15,
            4,
            5,
            12
        ],
        [
            21,
            7,
            6,
            18,
            20,
            25
        ],
        [
            4,
            2,
            10,
            8,
            0,
            11,
            5
        ],
        [
            5,
            11,
            14,
            12
        ],
        [
            25,
            20,
            19,
            9,
            10,
            2,
            24
        ],
        [
            24,
            22,
            23,
            21,
            25
        ],
        [
            15,
            22,
            24,
            2,
            4
        ],
        [
            12,
            1,
            3,
            23,
            22,
            15
        ]
    ],
    "vertices":[
        [
            -62.46611541965508,
            -213.08599883529757
        ],
        [
            162.40583397753701,
            -53.24773930713299
        ],
        [
            -109.65285547659732,
            -64.71127947249454
        ],
        [
            155.49089394537856,
            32.672816408546794
        ],
        [
            -67.81230184227766,
            -87.21257142477204
        ],
        [
            -44.795394377618685,
            -128.8105170032161
        ],
        [
            -60.21042601929994,
            186.2699616749075
        ],
        [
            -12.643443782818913,
            160.5399393114708
        ],
        [
            -167.95235556226936,
            -170.10713753444372
        ],
        [
            -216.81809248041824,
            -66.12896489844573
        ],
        [
            -173.53117728431954,
            -93.9860319642966
        ],
        [
            -43.54464134661964,
            -201.38386788323464
        ],
        [
            52.677605260902716,
            -85.72992534566102
        ],
        [
            156.38568976770603,
            -175.46951767746447
        ],
        [
            46.621095380942,
            -211.0407767684423
        ],
        [
            5.353636074337302,
            -38.398457583241274
        ],
        [
            43.650521932459064,
            180.6097188671635
        ],
        [
            134.4920599008758,
            131.58725268170906
        ],
        [
            -162.24264378433554,
            144.4456366454183
        ],
        [
            -216.19501172345306,
            45.71664880363947
        ],
        [
            -173.19351129899292,
            72.99889186285488
        ],
        [
            -18.129360964371767,
            106.50749720392074
        ],
        [
            0.0,
            0.0
        ],
        [
            19.685803308795904,
            32.95212486826711
        ],
        [
            -94.84551833945775,
            1.2284275442913355
        ],
        [
            -110.62662562015029,
            38.22831052888561
        ]
    ]
}